﻿Stedtype;StedID;Stedtekst;Referencer;GeoZone;x-koordinat;y-koordinat;Kommune;Region;Medie;Vandområde;Dato;Måling nr;Undersøgelsestype;Teknisk anvisning;Dataejer;Link;Målested navn;Målested GeoZone;Målested, x-koordinat;Målested, y-koordinat;Prøvetagning;Prøve;Prøvetype;Delprøve;Sedimentlag-fra (cm);Sedimentlag-til (cm);Analysefraktion;CASnr;ScKode;Stofparameter;Resultat-attribut;Resultat;Enhed;Detektionsgrænse LD;Kvantifikationsgrænse LQ;Kvalitetsmærke
Station;93220011;322 Roskilde Fjord;ROS60;32;692642,6772302547;6178399,248087393;Uden for kommune;Uden for region;Marin;Roskilde Bredning;03-03-2021;1;Næringsstoffer sediment, Marin;Ja;Miljøstyrelsen;https://vanda.miljoeportal.dk/link/7cdcd0d6-723f-4a06-bf4f-eccf6e70c3a6;Aktivitetssted;32;692642,6561272073;6178399,251022529;1;1;Blandingsprøve;1;0;0,5;Total;;263;Phosphor, Fe-adsorberet;;0,497;mg/g TS;0,006;;2
Station;93220011;322 Roskilde Fjord;ROS60;32;692642,6772302547;6178399,248087393;Uden for kommune;Uden for region;Marin;Roskilde Bredning;03-03-2021;1;Næringsstoffer sediment, Marin;Ja;Miljøstyrelsen;https://vanda.miljoeportal.dk/link/7cdcd0d6-723f-4a06-bf4f-eccf6e70c3a6;Aktivitetssted;32;692642,6561272073;6178399,251022529;1;4;Enkeltprøve;1;1;2;Total;;261;Phosphor, total-P;;0,882;mg/g TS;0,006;;2
Station;93220011;322 Roskilde Fjord;ROS60;32;692642,6772302547;6178399,248087393;Uden for kommune;Uden for region;Marin;Roskilde Bredning;03-03-2021;1;Næringsstoffer sediment, Marin;Ja;Miljøstyrelsen;https://vanda.miljoeportal.dk/link/7cdcd0d6-723f-4a06-bf4f-eccf6e70c3a6;Aktivitetssted;32;692642,6561272073;6178399,251022529;1;3;Enkeltprøve;1;1;2;Total;;263;Phosphor, Fe-adsorberet;;0,065;mg/g TS;0,006;;2
Station;93220011;322 Roskilde Fjord;ROS60;32;692642,6772302547;6178399,248087393;Uden for kommune;Uden for region;Marin;Roskilde Bredning;03-03-2021;1;Næringsstoffer sediment, Marin;Ja;Miljøstyrelsen;https://vanda.miljoeportal.dk/link/7cdcd0d6-723f-4a06-bf4f-eccf6e70c3a6;Aktivitetssted;32;692642,6561272073;6178399,251022529;1;6;Blandingsprøve;1;2;3;Total;;36;Tørstof,total;;253;mg/g VV;10;;2
Station;93220011;322 Roskilde Fjord;ROS60;32;692642,6772302547;6178399,248087393;Uden for kommune;Uden for region;Marin;Roskilde Bredning;03-03-2021;1;Næringsstoffer sediment, Marin;Ja;Miljøstyrelsen;https://vanda.miljoeportal.dk/link/7cdcd0d6-723f-4a06-bf4f-eccf6e70c3a6;Aktivitetssted;32;692642,6561272073;6178399,251022529;1;4;Enkeltprøve;1;1;2;Total;;36;Tørstof,total;;225;mg/g VV;10;;2
Station;93220011;322 Roskilde Fjord;ROS60;32;692642,6772302547;6178399,248087393;Uden for kommune;Uden for region;Marin;Roskilde Bredning;03-03-2021;1;Næringsstoffer sediment, Marin;Ja;Miljøstyrelsen;https://vanda.miljoeportal.dk/link/7cdcd0d6-723f-4a06-bf4f-eccf6e70c3a6;Aktivitetssted;32;692642,6561272073;6178399,251022529;1;6;Blandingsprøve;1;2;3;Total;;261;Phosphor, total-P;;0,65;mg/g TS;0,006;;2
Station;93220011;322 Roskilde Fjord;ROS60;32;692642,6772302547;6178399,248087393;Uden for kommune;Uden for region;Marin;Roskilde Bredning;03-03-2021;1;Næringsstoffer sediment, Marin;Ja;Miljøstyrelsen;https://vanda.miljoeportal.dk/link/7cdcd0d6-723f-4a06-bf4f-eccf6e70c3a6;Aktivitetssted;32;692642,6561272073;6178399,251022529;1;9;Blandingsprøve;1;7;10;Total;;36;Tørstof,total;;299;mg/g VV;10;;2
Station;93220011;322 Roskilde Fjord;ROS60;32;692642,6772302547;6178399,248087393;Uden for kommune;Uden for region;Marin;Roskilde Bredning;03-03-2021;1;Næringsstoffer sediment, Marin;Ja;Miljøstyrelsen;https://vanda.miljoeportal.dk/link/7cdcd0d6-723f-4a06-bf4f-eccf6e70c3a6;Aktivitetssted;32;692642,6561272073;6178399,251022529;1;9;Blandingsprøve;1;7;10;Total;;253;Nitrogen,total N;;8,6;mg/g TS;0,1;;2
Station;93220011;322 Roskilde Fjord;ROS60;32;692642,6772302547;6178399,248087393;Uden for kommune;Uden for region;Marin;Roskilde Bredning;03-03-2021;1;Næringsstoffer sediment, Marin;Ja;Miljøstyrelsen;https://vanda.miljoeportal.dk/link/7cdcd0d6-723f-4a06-bf4f-eccf6e70c3a6;Aktivitetssted;32;692642,6561272073;6178399,251022529;1;5;Enkeltprøve;1;1;2;Total;;16;Vægtfylde;;1,28;g/cm3;0,1;;2
Station;93220011;322 Roskilde Fjord;ROS60;32;692642,6772302547;6178399,248087393;Uden for kommune;Uden for region;Marin;Roskilde Bredning;03-03-2021;1;Næringsstoffer sediment, Marin;Ja;Miljøstyrelsen;https://vanda.miljoeportal.dk/link/7cdcd0d6-723f-4a06-bf4f-eccf6e70c3a6;Aktivitetssted;32;692642,6561272073;6178399,251022529;1;5;Enkeltprøve;1;1;2;Total;;39;Glødetab, total;;230;mg/g TS;1;;2
Station;93220011;322 Roskilde Fjord;ROS60;32;692642,6772302547;6178399,248087393;Uden for kommune;Uden for region;Marin;Roskilde Bredning;03-03-2021;1;Næringsstoffer sediment, Marin;Ja;Miljøstyrelsen;https://vanda.miljoeportal.dk/link/7cdcd0d6-723f-4a06-bf4f-eccf6e70c3a6;Aktivitetssted;32;692642,6561272073;6178399,251022529;1;7;Blandingsprøve;1;3;4;Total;;261;Phosphor, total-P;;0,57;mg/g TS;0,006;;2
Station;93220011;322 Roskilde Fjord;ROS60;32;692642,6772302547;6178399,248087393;Uden for kommune;Uden for region;Marin;Roskilde Bredning;03-03-2021;1;Næringsstoffer sediment, Marin;Ja;Miljøstyrelsen;https://vanda.miljoeportal.dk/link/7cdcd0d6-723f-4a06-bf4f-eccf6e70c3a6;Aktivitetssted;32;692642,6561272073;6178399,251022529;1;5;Enkeltprøve;1;1;2;Total;;253;Nitrogen,total N;;11,17;mg/g TS;0,1;;2
Station;93220011;322 Roskilde Fjord;ROS60;32;692642,6772302547;6178399,248087393;Uden for kommune;Uden for region;Marin;Roskilde Bredning;03-03-2021;1;Næringsstoffer sediment, Marin;Ja;Miljøstyrelsen;https://vanda.miljoeportal.dk/link/7cdcd0d6-723f-4a06-bf4f-eccf6e70c3a6;Aktivitetssted;32;692642,6561272073;6178399,251022529;1;3;Enkeltprøve;1;1;2;Total;;16;Vægtfylde;;1,23;g/cm3;0,1;;2
Station;93220011;322 Roskilde Fjord;ROS60;32;692642,6772302547;6178399,248087393;Uden for kommune;Uden for region;Marin;Roskilde Bredning;03-03-2021;1;Næringsstoffer sediment, Marin;Ja;Miljøstyrelsen;https://vanda.miljoeportal.dk/link/7cdcd0d6-723f-4a06-bf4f-eccf6e70c3a6;Aktivitetssted;32;692642,6561272073;6178399,251022529;1;8;Blandingsprøve;1;4;7;Total;;16;Vægtfylde;;1,28;g/cm3;0,1;;2
Station;93220011;322 Roskilde Fjord;ROS60;32;692642,6772302547;6178399,248087393;Uden for kommune;Uden for region;Marin;Roskilde Bredning;03-03-2021;1;Næringsstoffer sediment, Marin;Ja;Miljøstyrelsen;https://vanda.miljoeportal.dk/link/7cdcd0d6-723f-4a06-bf4f-eccf6e70c3a6;Aktivitetssted;32;692642,6561272073;6178399,251022529;1;4;Enkeltprøve;1;1;2;Total;;253;Nitrogen,total N;;6,94;mg/g TS;0,1;;2
Station;93220011;322 Roskilde Fjord;ROS60;32;692642,6772302547;6178399,248087393;Uden for kommune;Uden for region;Marin;Roskilde Bredning;03-03-2021;1;Næringsstoffer sediment, Marin;Ja;Miljøstyrelsen;https://vanda.miljoeportal.dk/link/7cdcd0d6-723f-4a06-bf4f-eccf6e70c3a6;Aktivitetssted;32;692642,6561272073;6178399,251022529;1;1;Blandingsprøve;1;0;0,5;Total;;261;Phosphor, total-P;;1,563;mg/g TS;0,006;;2
Station;93220011;322 Roskilde Fjord;ROS60;32;692642,6772302547;6178399,248087393;Uden for kommune;Uden for region;Marin;Roskilde Bredning;03-03-2021;1;Næringsstoffer sediment, Marin;Ja;Miljøstyrelsen;https://vanda.miljoeportal.dk/link/7cdcd0d6-723f-4a06-bf4f-eccf6e70c3a6;Aktivitetssted;32;692642,6561272073;6178399,251022529;1;2;Blandingsprøve;1;0,5;1;Total;;16;Vægtfylde;;1,23;g/cm3;0,1;;2
Station;93220011;322 Roskilde Fjord;ROS60;32;692642,6772302547;6178399,248087393;Uden for kommune;Uden for region;Marin;Roskilde Bredning;03-03-2021;1;Næringsstoffer sediment, Marin;Ja;Miljøstyrelsen;https://vanda.miljoeportal.dk/link/7cdcd0d6-723f-4a06-bf4f-eccf6e70c3a6;Aktivitetssted;32;692642,6561272073;6178399,251022529;1;6;Blandingsprøve;1;2;3;Total;;253;Nitrogen,total N;;10,11;mg/g TS;0,1;;2
Station;93220011;322 Roskilde Fjord;ROS60;32;692642,6772302547;6178399,248087393;Uden for kommune;Uden for region;Marin;Roskilde Bredning;03-03-2021;1;Næringsstoffer sediment, Marin;Ja;Miljøstyrelsen;https://vanda.miljoeportal.dk/link/7cdcd0d6-723f-4a06-bf4f-eccf6e70c3a6;Aktivitetssted;32;692642,6561272073;6178399,251022529;1;7;Blandingsprøve;1;3;4;Total;;39;Glødetab, total;;173;mg/g TS;1;;2
Station;93220011;322 Roskilde Fjord;ROS60;32;692642,6772302547;6178399,248087393;Uden for kommune;Uden for region;Marin;Roskilde Bredning;03-03-2021;1;Næringsstoffer sediment, Marin;Ja;Miljøstyrelsen;https://vanda.miljoeportal.dk/link/7cdcd0d6-723f-4a06-bf4f-eccf6e70c3a6;Aktivitetssted;32;692642,6561272073;6178399,251022529;1;9;Blandingsprøve;1;7;10;Total;;16;Vægtfylde;;1,3;g/cm3;0,1;;2
Station;93220011;322 Roskilde Fjord;ROS60;32;692642,6772302547;6178399,248087393;Uden for kommune;Uden for region;Marin;Roskilde Bredning;03-03-2021;1;Næringsstoffer sediment, Marin;Ja;Miljøstyrelsen;https://vanda.miljoeportal.dk/link/7cdcd0d6-723f-4a06-bf4f-eccf6e70c3a6;Aktivitetssted;32;692642,6561272073;6178399,251022529;1;7;Blandingsprøve;1;3;4;Total;;263;Phosphor, Fe-adsorberet;;0,032;mg/g TS;0,006;;2
Station;93220011;322 Roskilde Fjord;ROS60;32;692642,6772302547;6178399,248087393;Uden for kommune;Uden for region;Marin;Roskilde Bredning;03-03-2021;1;Næringsstoffer sediment, Marin;Ja;Miljøstyrelsen;https://vanda.miljoeportal.dk/link/7cdcd0d6-723f-4a06-bf4f-eccf6e70c3a6;Aktivitetssted;32;692642,6561272073;6178399,251022529;1;3;Enkeltprøve;1;1;2;Total;;39;Glødetab, total;;217;mg/g TS;1;;2
Station;93220011;322 Roskilde Fjord;ROS60;32;692642,6772302547;6178399,248087393;Uden for kommune;Uden for region;Marin;Roskilde Bredning;03-03-2021;1;Næringsstoffer sediment, Marin;Ja;Miljøstyrelsen;https://vanda.miljoeportal.dk/link/7cdcd0d6-723f-4a06-bf4f-eccf6e70c3a6;Aktivitetssted;32;692642,6561272073;6178399,251022529;1;7;Blandingsprøve;1;3;4;Total;;16;Vægtfylde;;1,34;g/cm3;0,1;;2
Station;93220011;322 Roskilde Fjord;ROS60;32;692642,6772302547;6178399,248087393;Uden for kommune;Uden for region;Marin;Roskilde Bredning;03-03-2021;1;Næringsstoffer sediment, Marin;Ja;Miljøstyrelsen;https://vanda.miljoeportal.dk/link/7cdcd0d6-723f-4a06-bf4f-eccf6e70c3a6;Aktivitetssted;32;692642,6561272073;6178399,251022529;1;3;Enkeltprøve;1;1;2;Total;;253;Nitrogen,total N;;10,2;mg/g TS;0,1;;2
Station;93220011;322 Roskilde Fjord;ROS60;32;692642,6772302547;6178399,248087393;Uden for kommune;Uden for region;Marin;Roskilde Bredning;03-03-2021;1;Næringsstoffer sediment, Marin;Ja;Miljøstyrelsen;https://vanda.miljoeportal.dk/link/7cdcd0d6-723f-4a06-bf4f-eccf6e70c3a6;Aktivitetssted;32;692642,6561272073;6178399,251022529;1;1;Blandingsprøve;1;0;0,5;Total;;16;Vægtfylde;;1,03;g/cm3;0,1;;2
Station;93220011;322 Roskilde Fjord;ROS60;32;692642,6772302547;6178399,248087393;Uden for kommune;Uden for region;Marin;Roskilde Bredning;03-03-2021;1;Næringsstoffer sediment, Marin;Ja;Miljøstyrelsen;https://vanda.miljoeportal.dk/link/7cdcd0d6-723f-4a06-bf4f-eccf6e70c3a6;Aktivitetssted;32;692642,6561272073;6178399,251022529;1;4;Enkeltprøve;1;1;2;Total;;16;Vægtfylde;;1,26;g/cm3;0,1;;2
Station;93220011;322 Roskilde Fjord;ROS60;32;692642,6772302547;6178399,248087393;Uden for kommune;Uden for region;Marin;Roskilde Bredning;03-03-2021;1;Næringsstoffer sediment, Marin;Ja;Miljøstyrelsen;https://vanda.miljoeportal.dk/link/7cdcd0d6-723f-4a06-bf4f-eccf6e70c3a6;Aktivitetssted;32;692642,6561272073;6178399,251022529;1;8;Blandingsprøve;1;4;7;Total;;39;Glødetab, total;;147;mg/g TS;1;;2
Station;93220011;322 Roskilde Fjord;ROS60;32;692642,6772302547;6178399,248087393;Uden for kommune;Uden for region;Marin;Roskilde Bredning;03-03-2021;1;Næringsstoffer sediment, Marin;Ja;Miljøstyrelsen;https://vanda.miljoeportal.dk/link/7cdcd0d6-723f-4a06-bf4f-eccf6e70c3a6;Aktivitetssted;32;692642,6561272073;6178399,251022529;1;3;Enkeltprøve;1;1;2;Total;;36;Tørstof,total;;217;mg/g VV;10;;2
Station;93220011;322 Roskilde Fjord;ROS60;32;692642,6772302547;6178399,248087393;Uden for kommune;Uden for region;Marin;Roskilde Bredning;03-03-2021;1;Næringsstoffer sediment, Marin;Ja;Miljøstyrelsen;https://vanda.miljoeportal.dk/link/7cdcd0d6-723f-4a06-bf4f-eccf6e70c3a6;Aktivitetssted;32;692642,6561272073;6178399,251022529;1;8;Blandingsprøve;1;4;7;Total;;36;Tørstof,total;;318;mg/g VV;10;;2
Station;93220011;322 Roskilde Fjord;ROS60;32;692642,6772302547;6178399,248087393;Uden for kommune;Uden for region;Marin;Roskilde Bredning;03-03-2021;1;Næringsstoffer sediment, Marin;Ja;Miljøstyrelsen;https://vanda.miljoeportal.dk/link/7cdcd0d6-723f-4a06-bf4f-eccf6e70c3a6;Aktivitetssted;32;692642,6561272073;6178399,251022529;1;2;Blandingsprøve;1;0,5;1;Total;;253;Nitrogen,total N;;11,51;mg/g TS;0,1;;2
Station;93220011;322 Roskilde Fjord;ROS60;32;692642,6772302547;6178399,248087393;Uden for kommune;Uden for region;Marin;Roskilde Bredning;03-03-2021;1;Næringsstoffer sediment, Marin;Ja;Miljøstyrelsen;https://vanda.miljoeportal.dk/link/7cdcd0d6-723f-4a06-bf4f-eccf6e70c3a6;Aktivitetssted;32;692642,6561272073;6178399,251022529;1;5;Enkeltprøve;1;1;2;Total;;263;Phosphor, Fe-adsorberet;;0,076;mg/g TS;0,006;;2
Station;93220011;322 Roskilde Fjord;ROS60;32;692642,6772302547;6178399,248087393;Uden for kommune;Uden for region;Marin;Roskilde Bredning;03-03-2021;1;Næringsstoffer sediment, Marin;Ja;Miljøstyrelsen;https://vanda.miljoeportal.dk/link/7cdcd0d6-723f-4a06-bf4f-eccf6e70c3a6;Aktivitetssted;32;692642,6561272073;6178399,251022529;1;4;Enkeltprøve;1;1;2;Total;;39;Glødetab, total;;204;mg/g TS;1;;2
Station;93220011;322 Roskilde Fjord;ROS60;32;692642,6772302547;6178399,248087393;Uden for kommune;Uden for region;Marin;Roskilde Bredning;03-03-2021;1;Næringsstoffer sediment, Marin;Ja;Miljøstyrelsen;https://vanda.miljoeportal.dk/link/7cdcd0d6-723f-4a06-bf4f-eccf6e70c3a6;Aktivitetssted;32;692642,6561272073;6178399,251022529;1;1;Blandingsprøve;1;0;0,5;Total;;36;Tørstof,total;;124;mg/g VV;10;;2
Station;93220011;322 Roskilde Fjord;ROS60;32;692642,6772302547;6178399,248087393;Uden for kommune;Uden for region;Marin;Roskilde Bredning;03-03-2021;1;Næringsstoffer sediment, Marin;Ja;Miljøstyrelsen;https://vanda.miljoeportal.dk/link/7cdcd0d6-723f-4a06-bf4f-eccf6e70c3a6;Aktivitetssted;32;692642,6561272073;6178399,251022529;1;1;Blandingsprøve;1;0;0,5;Total;;253;Nitrogen,total N;;11,73;mg/g TS;0,1;;2
Station;93220011;322 Roskilde Fjord;ROS60;32;692642,6772302547;6178399,248087393;Uden for kommune;Uden for region;Marin;Roskilde Bredning;03-03-2021;1;Næringsstoffer sediment, Marin;Ja;Miljøstyrelsen;https://vanda.miljoeportal.dk/link/7cdcd0d6-723f-4a06-bf4f-eccf6e70c3a6;Aktivitetssted;32;692642,6561272073;6178399,251022529;1;9;Blandingsprøve;1;7;10;Total;;263;Phosphor, Fe-adsorberet;;0,03;mg/g TS;0,006;;2
Station;93220011;322 Roskilde Fjord;ROS60;32;692642,6772302547;6178399,248087393;Uden for kommune;Uden for region;Marin;Roskilde Bredning;03-03-2021;1;Næringsstoffer sediment, Marin;Ja;Miljøstyrelsen;https://vanda.miljoeportal.dk/link/7cdcd0d6-723f-4a06-bf4f-eccf6e70c3a6;Aktivitetssted;32;692642,6561272073;6178399,251022529;1;4;Enkeltprøve;1;1;2;Total;;263;Phosphor, Fe-adsorberet;;0,078;mg/g TS;0,006;;2
Station;93220011;322 Roskilde Fjord;ROS60;32;692642,6772302547;6178399,248087393;Uden for kommune;Uden for region;Marin;Roskilde Bredning;03-03-2021;1;Næringsstoffer sediment, Marin;Ja;Miljøstyrelsen;https://vanda.miljoeportal.dk/link/7cdcd0d6-723f-4a06-bf4f-eccf6e70c3a6;Aktivitetssted;32;692642,6561272073;6178399,251022529;1;5;Enkeltprøve;1;1;2;Total;;36;Tørstof,total;;184;mg/g VV;10;;2
Station;93220011;322 Roskilde Fjord;ROS60;32;692642,6772302547;6178399,248087393;Uden for kommune;Uden for region;Marin;Roskilde Bredning;03-03-2021;1;Næringsstoffer sediment, Marin;Ja;Miljøstyrelsen;https://vanda.miljoeportal.dk/link/7cdcd0d6-723f-4a06-bf4f-eccf6e70c3a6;Aktivitetssted;32;692642,6561272073;6178399,251022529;1;6;Blandingsprøve;1;2;3;Total;;16;Vægtfylde;;1,31;g/cm3;0,1;;2
Station;93220011;322 Roskilde Fjord;ROS60;32;692642,6772302547;6178399,248087393;Uden for kommune;Uden for region;Marin;Roskilde Bredning;03-03-2021;1;Næringsstoffer sediment, Marin;Ja;Miljøstyrelsen;https://vanda.miljoeportal.dk/link/7cdcd0d6-723f-4a06-bf4f-eccf6e70c3a6;Aktivitetssted;32;692642,6561272073;6178399,251022529;1;6;Blandingsprøve;1;2;3;Total;;263;Phosphor, Fe-adsorberet;;0,036;mg/g TS;0,006;;2
Station;93220011;322 Roskilde Fjord;ROS60;32;692642,6772302547;6178399,248087393;Uden for kommune;Uden for region;Marin;Roskilde Bredning;03-03-2021;1;Næringsstoffer sediment, Marin;Ja;Miljøstyrelsen;https://vanda.miljoeportal.dk/link/7cdcd0d6-723f-4a06-bf4f-eccf6e70c3a6;Aktivitetssted;32;692642,6561272073;6178399,251022529;1;2;Blandingsprøve;1;0,5;1;Total;;39;Glødetab, total;;226;mg/g TS;1;;2
Station;93220011;322 Roskilde Fjord;ROS60;32;692642,6772302547;6178399,248087393;Uden for kommune;Uden for region;Marin;Roskilde Bredning;03-03-2021;1;Næringsstoffer sediment, Marin;Ja;Miljøstyrelsen;https://vanda.miljoeportal.dk/link/7cdcd0d6-723f-4a06-bf4f-eccf6e70c3a6;Aktivitetssted;32;692642,6561272073;6178399,251022529;1;8;Blandingsprøve;1;4;7;Total;;261;Phosphor, total-P;;0,926;mg/g TS;0,006;;2
Station;93220011;322 Roskilde Fjord;ROS60;32;692642,6772302547;6178399,248087393;Uden for kommune;Uden for region;Marin;Roskilde Bredning;03-03-2021;1;Næringsstoffer sediment, Marin;Ja;Miljøstyrelsen;https://vanda.miljoeportal.dk/link/7cdcd0d6-723f-4a06-bf4f-eccf6e70c3a6;Aktivitetssted;32;692642,6561272073;6178399,251022529;1;2;Blandingsprøve;1;0,5;1;Total;;36;Tørstof,total;;165;mg/g VV;10;;2
Station;93220011;322 Roskilde Fjord;ROS60;32;692642,6772302547;6178399,248087393;Uden for kommune;Uden for region;Marin;Roskilde Bredning;03-03-2021;1;Næringsstoffer sediment, Marin;Ja;Miljøstyrelsen;https://vanda.miljoeportal.dk/link/7cdcd0d6-723f-4a06-bf4f-eccf6e70c3a6;Aktivitetssted;32;692642,6561272073;6178399,251022529;1;1;Blandingsprøve;1;0;0,5;Total;;39;Glødetab, total;;230;mg/g TS;1;;2
Station;93220011;322 Roskilde Fjord;ROS60;32;692642,6772302547;6178399,248087393;Uden for kommune;Uden for region;Marin;Roskilde Bredning;03-03-2021;1;Næringsstoffer sediment, Marin;Ja;Miljøstyrelsen;https://vanda.miljoeportal.dk/link/7cdcd0d6-723f-4a06-bf4f-eccf6e70c3a6;Aktivitetssted;32;692642,6561272073;6178399,251022529;1;9;Blandingsprøve;1;7;10;Total;;261;Phosphor, total-P;;0,852;mg/g TS;0,006;;2
Station;93220011;322 Roskilde Fjord;ROS60;32;692642,6772302547;6178399,248087393;Uden for kommune;Uden for region;Marin;Roskilde Bredning;03-03-2021;1;Næringsstoffer sediment, Marin;Ja;Miljøstyrelsen;https://vanda.miljoeportal.dk/link/7cdcd0d6-723f-4a06-bf4f-eccf6e70c3a6;Aktivitetssted;32;692642,6561272073;6178399,251022529;1;9;Blandingsprøve;1;7;10;Total;;39;Glødetab, total;;156;mg/g TS;1;;2
Station;93220011;322 Roskilde Fjord;ROS60;32;692642,6772302547;6178399,248087393;Uden for kommune;Uden for region;Marin;Roskilde Bredning;03-03-2021;1;Næringsstoffer sediment, Marin;Ja;Miljøstyrelsen;https://vanda.miljoeportal.dk/link/7cdcd0d6-723f-4a06-bf4f-eccf6e70c3a6;Aktivitetssted;32;692642,6561272073;6178399,251022529;1;2;Blandingsprøve;1;0,5;1;Total;;261;Phosphor, total-P;;1,26;mg/g TS;0,006;;2
Station;93220011;322 Roskilde Fjord;ROS60;32;692642,6772302547;6178399,248087393;Uden for kommune;Uden for region;Marin;Roskilde Bredning;03-03-2021;1;Næringsstoffer sediment, Marin;Ja;Miljøstyrelsen;https://vanda.miljoeportal.dk/link/7cdcd0d6-723f-4a06-bf4f-eccf6e70c3a6;Aktivitetssted;32;692642,6561272073;6178399,251022529;1;6;Blandingsprøve;1;2;3;Total;;39;Glødetab, total;;182;mg/g TS;1;;2
Station;93220011;322 Roskilde Fjord;ROS60;32;692642,6772302547;6178399,248087393;Uden for kommune;Uden for region;Marin;Roskilde Bredning;03-03-2021;1;Næringsstoffer sediment, Marin;Ja;Miljøstyrelsen;https://vanda.miljoeportal.dk/link/7cdcd0d6-723f-4a06-bf4f-eccf6e70c3a6;Aktivitetssted;32;692642,6561272073;6178399,251022529;1;7;Blandingsprøve;1;3;4;Total;;36;Tørstof,total;;273;mg/g VV;10;;2
Station;93220011;322 Roskilde Fjord;ROS60;32;692642,6772302547;6178399,248087393;Uden for kommune;Uden for region;Marin;Roskilde Bredning;03-03-2021;1;Næringsstoffer sediment, Marin;Ja;Miljøstyrelsen;https://vanda.miljoeportal.dk/link/7cdcd0d6-723f-4a06-bf4f-eccf6e70c3a6;Aktivitetssted;32;692642,6561272073;6178399,251022529;1;2;Blandingsprøve;1;0,5;1;Total;;263;Phosphor, Fe-adsorberet;;0,244;mg/g TS;0,006;;2
Station;93220011;322 Roskilde Fjord;ROS60;32;692642,6772302547;6178399,248087393;Uden for kommune;Uden for region;Marin;Roskilde Bredning;03-03-2021;1;Næringsstoffer sediment, Marin;Ja;Miljøstyrelsen;https://vanda.miljoeportal.dk/link/7cdcd0d6-723f-4a06-bf4f-eccf6e70c3a6;Aktivitetssted;32;692642,6561272073;6178399,251022529;1;8;Blandingsprøve;1;4;7;Total;;253;Nitrogen,total N;;5,96;mg/g TS;0,1;;2
Station;93220011;322 Roskilde Fjord;ROS60;32;692642,6772302547;6178399,248087393;Uden for kommune;Uden for region;Marin;Roskilde Bredning;03-03-2021;1;Næringsstoffer sediment, Marin;Ja;Miljøstyrelsen;https://vanda.miljoeportal.dk/link/7cdcd0d6-723f-4a06-bf4f-eccf6e70c3a6;Aktivitetssted;32;692642,6561272073;6178399,251022529;1;8;Blandingsprøve;1;4;7;Total;;263;Phosphor, Fe-adsorberet;;0,026;mg/g TS;0,006;;2
Station;93220011;322 Roskilde Fjord;ROS60;32;692642,6772302547;6178399,248087393;Uden for kommune;Uden for region;Marin;Roskilde Bredning;03-03-2021;1;Næringsstoffer sediment, Marin;Ja;Miljøstyrelsen;https://vanda.miljoeportal.dk/link/7cdcd0d6-723f-4a06-bf4f-eccf6e70c3a6;Aktivitetssted;32;692642,6561272073;6178399,251022529;1;7;Blandingsprøve;1;3;4;Total;;253;Nitrogen,total N;;7,69;mg/g TS;0,1;;2
Station;93220011;322 Roskilde Fjord;ROS60;32;692642,6772302547;6178399,248087393;Uden for kommune;Uden for region;Marin;Roskilde Bredning;03-03-2021;1;Næringsstoffer sediment, Marin;Ja;Miljøstyrelsen;https://vanda.miljoeportal.dk/link/7cdcd0d6-723f-4a06-bf4f-eccf6e70c3a6;Aktivitetssted;32;692642,6561272073;6178399,251022529;1;5;Enkeltprøve;1;1;2;Total;;261;Phosphor, total-P;;1,066;mg/g TS;0,006;;2
Station;93220011;322 Roskilde Fjord;ROS60;32;692642,6772302547;6178399,248087393;Uden for kommune;Uden for region;Marin;Roskilde Bredning;03-03-2021;1;Næringsstoffer sediment, Marin;Ja;Miljøstyrelsen;https://vanda.miljoeportal.dk/link/7cdcd0d6-723f-4a06-bf4f-eccf6e70c3a6;Aktivitetssted;32;692642,6561272073;6178399,251022529;1;3;Enkeltprøve;1;1;2;Total;;261;Phosphor, total-P;;0,971;mg/g TS;0,006;;2
Station;93220011;322 Roskilde Fjord;ROS60;32;692642,6772302547;6178399,248087393;Uden for kommune;Uden for region;Marin;Roskilde Bredning;04-02-2020;1;Næringsstoffer sediment, Marin;Ja;Miljøstyrelsen;https://vanda.miljoeportal.dk/link/1bdfd5bb-6dfe-419a-8f48-25a68c229c5c;Aktivitetssted;32;692642,6772302547;6178399,248087393;1;5;Enkeltprøve;3;1;2;Ej oplyst;;263;Phosphor, Fe-adsorberet; =;0,378259890518;mg/g TS;9999999;;2
Station;93220011;322 Roskilde Fjord;ROS60;32;692642,6772302547;6178399,248087393;Uden for kommune;Uden for region;Marin;Roskilde Bredning;04-02-2020;1;Næringsstoffer sediment, Marin;Ja;Miljøstyrelsen;https://vanda.miljoeportal.dk/link/1bdfd5bb-6dfe-419a-8f48-25a68c229c5c;Aktivitetssted;32;692642,6772302547;6178399,248087393;1;8;Blandingsprøve;1;4;7;Ej oplyst;;39;Glødetab, total; =;201,464642611947;mg/g TS;9999999;;2
Station;93220011;322 Roskilde Fjord;ROS60;32;692642,6772302547;6178399,248087393;Uden for kommune;Uden for region;Marin;Roskilde Bredning;04-02-2020;1;Næringsstoffer sediment, Marin;Ja;Miljøstyrelsen;https://vanda.miljoeportal.dk/link/1bdfd5bb-6dfe-419a-8f48-25a68c229c5c;Aktivitetssted;32;692642,6772302547;6178399,248087393;1;1;Blandingsprøve;1;0;0,5;Ej oplyst;;36;Tørstof,total; =;120,044386159588;mg/g VV;9999999;;2
Station;93220011;322 Roskilde Fjord;ROS60;32;692642,6772302547;6178399,248087393;Uden for kommune;Uden for region;Marin;Roskilde Bredning;04-02-2020;1;Næringsstoffer sediment, Marin;Ja;Miljøstyrelsen;https://vanda.miljoeportal.dk/link/1bdfd5bb-6dfe-419a-8f48-25a68c229c5c;Aktivitetssted;32;692642,6772302547;6178399,248087393;1;1;Blandingsprøve;1;0;0,5;Ej oplyst;;263;Phosphor, Fe-adsorberet; =;0,670651018857;mg/g TS;9999999;;2
Station;93220011;322 Roskilde Fjord;ROS60;32;692642,6772302547;6178399,248087393;Uden for kommune;Uden for region;Marin;Roskilde Bredning;04-02-2020;1;Næringsstoffer sediment, Marin;Ja;Miljøstyrelsen;https://vanda.miljoeportal.dk/link/1bdfd5bb-6dfe-419a-8f48-25a68c229c5c;Aktivitetssted;32;692642,6772302547;6178399,248087393;1;7;Blandingsprøve;1;3;4;Ej oplyst;;16;Vægtfylde; =;1,272765625;g/cm3;9999999;;2
Station;93220011;322 Roskilde Fjord;ROS60;32;692642,6772302547;6178399,248087393;Uden for kommune;Uden for region;Marin;Roskilde Bredning;04-02-2020;1;Næringsstoffer sediment, Marin;Ja;Miljøstyrelsen;https://vanda.miljoeportal.dk/link/1bdfd5bb-6dfe-419a-8f48-25a68c229c5c;Aktivitetssted;32;692642,6772302547;6178399,248087393;1;7;Blandingsprøve;1;3;4;Ej oplyst;;263;Phosphor, Fe-adsorberet; =;0,09722167415;mg/g TS;9999999;;2
Station;93220011;322 Roskilde Fjord;ROS60;32;692642,6772302547;6178399,248087393;Uden for kommune;Uden for region;Marin;Roskilde Bredning;04-02-2020;1;Næringsstoffer sediment, Marin;Ja;Miljøstyrelsen;https://vanda.miljoeportal.dk/link/1bdfd5bb-6dfe-419a-8f48-25a68c229c5c;Aktivitetssted;32;692642,6772302547;6178399,248087393;1;8;Blandingsprøve;1;4;7;Ej oplyst;;253;Nitrogen,total N; =;10,361574178352;mg/g TS;9999999;;2
Station;93220011;322 Roskilde Fjord;ROS60;32;692642,6772302547;6178399,248087393;Uden for kommune;Uden for region;Marin;Roskilde Bredning;04-02-2020;1;Næringsstoffer sediment, Marin;Ja;Miljøstyrelsen;https://vanda.miljoeportal.dk/link/1bdfd5bb-6dfe-419a-8f48-25a68c229c5c;Aktivitetssted;32;692642,6772302547;6178399,248087393;1;2;Blandingsprøve;1;0,5;1;Ej oplyst;;253;Nitrogen,total N; =;11,963049956995;mg/g TS;9999999;;2
Station;93220011;322 Roskilde Fjord;ROS60;32;692642,6772302547;6178399,248087393;Uden for kommune;Uden for region;Marin;Roskilde Bredning;04-02-2020;1;Næringsstoffer sediment, Marin;Ja;Miljøstyrelsen;https://vanda.miljoeportal.dk/link/1bdfd5bb-6dfe-419a-8f48-25a68c229c5c;Aktivitetssted;32;692642,6772302547;6178399,248087393;1;9;Blandingsprøve;1;7;10;Ej oplyst;;36;Tørstof,total; =;311,385577352527;mg/g VV;9999999;;2
Station;93220011;322 Roskilde Fjord;ROS60;32;692642,6772302547;6178399,248087393;Uden for kommune;Uden for region;Marin;Roskilde Bredning;04-02-2020;1;Næringsstoffer sediment, Marin;Ja;Miljøstyrelsen;https://vanda.miljoeportal.dk/link/1bdfd5bb-6dfe-419a-8f48-25a68c229c5c;Aktivitetssted;32;692642,6772302547;6178399,248087393;1;5;Enkeltprøve;1;1;2;Ej oplyst;;16;Vægtfylde; =;1,17780952381;g/cm3;9999999;;2
Station;93220011;322 Roskilde Fjord;ROS60;32;692642,6772302547;6178399,248087393;Uden for kommune;Uden for region;Marin;Roskilde Bredning;04-02-2020;1;Næringsstoffer sediment, Marin;Ja;Miljøstyrelsen;https://vanda.miljoeportal.dk/link/1bdfd5bb-6dfe-419a-8f48-25a68c229c5c;Aktivitetssted;32;692642,6772302547;6178399,248087393;1;5;Enkeltprøve;1;1;2;Ej oplyst;;253;Nitrogen,total N; =;11,641720760723;mg/g TS;9999999;;2
Station;93220011;322 Roskilde Fjord;ROS60;32;692642,6772302547;6178399,248087393;Uden for kommune;Uden for region;Marin;Roskilde Bredning;04-02-2020;1;Næringsstoffer sediment, Marin;Ja;Miljøstyrelsen;https://vanda.miljoeportal.dk/link/1bdfd5bb-6dfe-419a-8f48-25a68c229c5c;Aktivitetssted;32;692642,6772302547;6178399,248087393;1;9;Blandingsprøve;1;7;10;Ej oplyst;;253;Nitrogen,total N; =;9,137962710643;mg/g TS;9999999;;2
Station;93220011;322 Roskilde Fjord;ROS60;32;692642,6772302547;6178399,248087393;Uden for kommune;Uden for region;Marin;Roskilde Bredning;04-02-2020;1;Næringsstoffer sediment, Marin;Ja;Miljøstyrelsen;https://vanda.miljoeportal.dk/link/1bdfd5bb-6dfe-419a-8f48-25a68c229c5c;Aktivitetssted;32;692642,6772302547;6178399,248087393;1;6;Blandingsprøve;1;2;3;Ej oplyst;;263;Phosphor, Fe-adsorberet; =;0,112186635371;mg/g TS;9999999;;2
Station;93220011;322 Roskilde Fjord;ROS60;32;692642,6772302547;6178399,248087393;Uden for kommune;Uden for region;Marin;Roskilde Bredning;04-02-2020;1;Næringsstoffer sediment, Marin;Ja;Miljøstyrelsen;https://vanda.miljoeportal.dk/link/1bdfd5bb-6dfe-419a-8f48-25a68c229c5c;Aktivitetssted;32;692642,6772302547;6178399,248087393;1;6;Blandingsprøve;1;2;3;Ej oplyst;;253;Nitrogen,total N; =;10,16766548757;mg/g TS;9999999;;2
Station;93220011;322 Roskilde Fjord;ROS60;32;692642,6772302547;6178399,248087393;Uden for kommune;Uden for region;Marin;Roskilde Bredning;04-02-2020;1;Næringsstoffer sediment, Marin;Ja;Miljøstyrelsen;https://vanda.miljoeportal.dk/link/1bdfd5bb-6dfe-419a-8f48-25a68c229c5c;Aktivitetssted;32;692642,6772302547;6178399,248087393;1;5;Enkeltprøve;3;1;2;Ej oplyst;;253;Nitrogen,total N; =;12,686289912568;mg/g TS;9999999;;2
Station;93220011;322 Roskilde Fjord;ROS60;32;692642,6772302547;6178399,248087393;Uden for kommune;Uden for region;Marin;Roskilde Bredning;04-02-2020;1;Næringsstoffer sediment, Marin;Ja;Miljøstyrelsen;https://vanda.miljoeportal.dk/link/1bdfd5bb-6dfe-419a-8f48-25a68c229c5c;Aktivitetssted;32;692642,6772302547;6178399,248087393;1;1;Blandingsprøve;1;0;0,5;Ej oplyst;;39;Glødetab, total; =;236,983154670749;mg/g TS;9999999;;2
Station;93220011;322 Roskilde Fjord;ROS60;32;692642,6772302547;6178399,248087393;Uden for kommune;Uden for region;Marin;Roskilde Bredning;04-02-2020;1;Næringsstoffer sediment, Marin;Ja;Miljøstyrelsen;https://vanda.miljoeportal.dk/link/1bdfd5bb-6dfe-419a-8f48-25a68c229c5c;Aktivitetssted;32;692642,6772302547;6178399,248087393;1;7;Blandingsprøve;1;3;4;Ej oplyst;;261;Phosphor, total-P; =;0,968719402926;mg/g TS;9999999;;2
Station;93220011;322 Roskilde Fjord;ROS60;32;692642,6772302547;6178399,248087393;Uden for kommune;Uden for region;Marin;Roskilde Bredning;04-02-2020;1;Næringsstoffer sediment, Marin;Ja;Miljøstyrelsen;https://vanda.miljoeportal.dk/link/1bdfd5bb-6dfe-419a-8f48-25a68c229c5c;Aktivitetssted;32;692642,6772302547;6178399,248087393;1;2;Blandingsprøve;1;0,5;1;Ej oplyst;;39;Glødetab, total; =;236,590531799187;mg/g TS;9999999;;2
Station;93220011;322 Roskilde Fjord;ROS60;32;692642,6772302547;6178399,248087393;Uden for kommune;Uden for region;Marin;Roskilde Bredning;04-02-2020;1;Næringsstoffer sediment, Marin;Ja;Miljøstyrelsen;https://vanda.miljoeportal.dk/link/1bdfd5bb-6dfe-419a-8f48-25a68c229c5c;Aktivitetssted;32;692642,6772302547;6178399,248087393;1;6;Blandingsprøve;1;2;3;Ej oplyst;;16;Vægtfylde; =;1,2235625;g/cm3;9999999;;2
Station;93220011;322 Roskilde Fjord;ROS60;32;692642,6772302547;6178399,248087393;Uden for kommune;Uden for region;Marin;Roskilde Bredning;04-02-2020;1;Næringsstoffer sediment, Marin;Ja;Miljøstyrelsen;https://vanda.miljoeportal.dk/link/1bdfd5bb-6dfe-419a-8f48-25a68c229c5c;Aktivitetssted;32;692642,6772302547;6178399,248087393;1;8;Blandingsprøve;1;4;7;Ej oplyst;;261;Phosphor, total-P; =;0,8754765284;mg/g TS;9999999;;2
Station;93220011;322 Roskilde Fjord;ROS60;32;692642,6772302547;6178399,248087393;Uden for kommune;Uden for region;Marin;Roskilde Bredning;04-02-2020;1;Næringsstoffer sediment, Marin;Ja;Miljøstyrelsen;https://vanda.miljoeportal.dk/link/1bdfd5bb-6dfe-419a-8f48-25a68c229c5c;Aktivitetssted;32;692642,6772302547;6178399,248087393;1;5;Enkeltprøve;1;1;2;Ej oplyst;;261;Phosphor, total-P; =;1,077043558792;mg/g TS;9999999;;2
Station;93220011;322 Roskilde Fjord;ROS60;32;692642,6772302547;6178399,248087393;Uden for kommune;Uden for region;Marin;Roskilde Bredning;04-02-2020;1;Næringsstoffer sediment, Marin;Ja;Miljøstyrelsen;https://vanda.miljoeportal.dk/link/1bdfd5bb-6dfe-419a-8f48-25a68c229c5c;Aktivitetssted;32;692642,6772302547;6178399,248087393;1;9;Blandingsprøve;1;7;10;Ej oplyst;;39;Glødetab, total; =;174,149167270094;mg/g TS;9999999;;2
Station;93220011;322 Roskilde Fjord;ROS60;32;692642,6772302547;6178399,248087393;Uden for kommune;Uden for region;Marin;Roskilde Bredning;04-02-2020;1;Næringsstoffer sediment, Marin;Ja;Miljøstyrelsen;https://vanda.miljoeportal.dk/link/1bdfd5bb-6dfe-419a-8f48-25a68c229c5c;Aktivitetssted;32;692642,6772302547;6178399,248087393;1;2;Blandingsprøve;1;0,5;1;Ej oplyst;;263;Phosphor, Fe-adsorberet; =;0,753198101757;mg/g TS;9999999;;2
Station;93220011;322 Roskilde Fjord;ROS60;32;692642,6772302547;6178399,248087393;Uden for kommune;Uden for region;Marin;Roskilde Bredning;04-02-2020;1;Næringsstoffer sediment, Marin;Ja;Miljøstyrelsen;https://vanda.miljoeportal.dk/link/1bdfd5bb-6dfe-419a-8f48-25a68c229c5c;Aktivitetssted;32;692642,6772302547;6178399,248087393;1;1;Blandingsprøve;1;0;0,5;Ej oplyst;;16;Vægtfylde; =;0,7168125;g/cm3;9999999;;1
Station;93220011;322 Roskilde Fjord;ROS60;32;692642,6772302547;6178399,248087393;Uden for kommune;Uden for region;Marin;Roskilde Bredning;04-02-2020;1;Næringsstoffer sediment, Marin;Ja;Miljøstyrelsen;https://vanda.miljoeportal.dk/link/1bdfd5bb-6dfe-419a-8f48-25a68c229c5c;Aktivitetssted;32;692642,6772302547;6178399,248087393;1;2;Blandingsprøve;1;0,5;1;Ej oplyst;;36;Tørstof,total; =;156,839744695532;mg/g VV;9999999;;2
Station;93220011;322 Roskilde Fjord;ROS60;32;692642,6772302547;6178399,248087393;Uden for kommune;Uden for region;Marin;Roskilde Bredning;04-02-2020;1;Næringsstoffer sediment, Marin;Ja;Miljøstyrelsen;https://vanda.miljoeportal.dk/link/1bdfd5bb-6dfe-419a-8f48-25a68c229c5c;Aktivitetssted;32;692642,6772302547;6178399,248087393;1;6;Blandingsprøve;1;2;3;Ej oplyst;;36;Tørstof,total; =;217,191569973952;mg/g VV;9999999;;2
Station;93220011;322 Roskilde Fjord;ROS60;32;692642,6772302547;6178399,248087393;Uden for kommune;Uden for region;Marin;Roskilde Bredning;04-02-2020;1;Næringsstoffer sediment, Marin;Ja;Miljøstyrelsen;https://vanda.miljoeportal.dk/link/1bdfd5bb-6dfe-419a-8f48-25a68c229c5c;Aktivitetssted;32;692642,6772302547;6178399,248087393;1;1;Blandingsprøve;1;0;0,5;Ej oplyst;;253;Nitrogen,total N; =;11,9831699957;mg/g TS;9999999;;2
Station;93220011;322 Roskilde Fjord;ROS60;32;692642,6772302547;6178399,248087393;Uden for kommune;Uden for region;Marin;Roskilde Bredning;04-02-2020;1;Næringsstoffer sediment, Marin;Ja;Miljøstyrelsen;https://vanda.miljoeportal.dk/link/1bdfd5bb-6dfe-419a-8f48-25a68c229c5c;Aktivitetssted;32;692642,6772302547;6178399,248087393;1;5;Enkeltprøve;3;1;2;Ej oplyst;;39;Glødetab, total; =;241,354090481663;mg/g TS;9999999;;2
Station;93220011;322 Roskilde Fjord;ROS60;32;692642,6772302547;6178399,248087393;Uden for kommune;Uden for region;Marin;Roskilde Bredning;04-02-2020;1;Næringsstoffer sediment, Marin;Ja;Miljøstyrelsen;https://vanda.miljoeportal.dk/link/1bdfd5bb-6dfe-419a-8f48-25a68c229c5c;Aktivitetssted;32;692642,6772302547;6178399,248087393;1;5;Enkeltprøve;3;1;2;Ej oplyst;;36;Tørstof,total; =;164,55762120502;mg/g VV;9999999;;2
Station;93220011;322 Roskilde Fjord;ROS60;32;692642,6772302547;6178399,248087393;Uden for kommune;Uden for region;Marin;Roskilde Bredning;04-02-2020;1;Næringsstoffer sediment, Marin;Ja;Miljøstyrelsen;https://vanda.miljoeportal.dk/link/1bdfd5bb-6dfe-419a-8f48-25a68c229c5c;Aktivitetssted;32;692642,6772302547;6178399,248087393;1;1;Blandingsprøve;1;0;0,5;Ej oplyst;;261;Phosphor, total-P; =;1,679412788946;mg/g TS;9999999;;2
Station;93220011;322 Roskilde Fjord;ROS60;32;692642,6772302547;6178399,248087393;Uden for kommune;Uden for region;Marin;Roskilde Bredning;04-02-2020;1;Næringsstoffer sediment, Marin;Ja;Miljøstyrelsen;https://vanda.miljoeportal.dk/link/1bdfd5bb-6dfe-419a-8f48-25a68c229c5c;Aktivitetssted;32;692642,6772302547;6178399,248087393;1;5;Enkeltprøve;2;1;2;Ej oplyst;;16;Vægtfylde; =;1,133380952381;g/cm3;9999999;;2
Station;93220011;322 Roskilde Fjord;ROS60;32;692642,6772302547;6178399,248087393;Uden for kommune;Uden for region;Marin;Roskilde Bredning;04-02-2020;1;Næringsstoffer sediment, Marin;Ja;Miljøstyrelsen;https://vanda.miljoeportal.dk/link/1bdfd5bb-6dfe-419a-8f48-25a68c229c5c;Aktivitetssted;32;692642,6772302547;6178399,248087393;1;5;Enkeltprøve;2;1;2;Ej oplyst;;261;Phosphor, total-P; =;1,24196007115;mg/g TS;9999999;;2
Station;93220011;322 Roskilde Fjord;ROS60;32;692642,6772302547;6178399,248087393;Uden for kommune;Uden for region;Marin;Roskilde Bredning;04-02-2020;1;Næringsstoffer sediment, Marin;Ja;Miljøstyrelsen;https://vanda.miljoeportal.dk/link/1bdfd5bb-6dfe-419a-8f48-25a68c229c5c;Aktivitetssted;32;692642,6772302547;6178399,248087393;1;5;Enkeltprøve;2;1;2;Ej oplyst;;39;Glødetab, total; =;221,937344764041;mg/g TS;9999999;;2
Station;93220011;322 Roskilde Fjord;ROS60;32;692642,6772302547;6178399,248087393;Uden for kommune;Uden for region;Marin;Roskilde Bredning;04-02-2020;1;Næringsstoffer sediment, Marin;Ja;Miljøstyrelsen;https://vanda.miljoeportal.dk/link/1bdfd5bb-6dfe-419a-8f48-25a68c229c5c;Aktivitetssted;32;692642,6772302547;6178399,248087393;1;5;Enkeltprøve;2;1;2;Ej oplyst;;36;Tørstof,total; =;191,225292405128;mg/g VV;9999999;;2
Station;93220011;322 Roskilde Fjord;ROS60;32;692642,6772302547;6178399,248087393;Uden for kommune;Uden for region;Marin;Roskilde Bredning;04-02-2020;1;Næringsstoffer sediment, Marin;Ja;Miljøstyrelsen;https://vanda.miljoeportal.dk/link/1bdfd5bb-6dfe-419a-8f48-25a68c229c5c;Aktivitetssted;32;692642,6772302547;6178399,248087393;1;8;Blandingsprøve;1;4;7;Ej oplyst;;263;Phosphor, Fe-adsorberet; =;0,088903807062;mg/g TS;9999999;;2
Station;93220011;322 Roskilde Fjord;ROS60;32;692642,6772302547;6178399,248087393;Uden for kommune;Uden for region;Marin;Roskilde Bredning;04-02-2020;1;Næringsstoffer sediment, Marin;Ja;Miljøstyrelsen;https://vanda.miljoeportal.dk/link/1bdfd5bb-6dfe-419a-8f48-25a68c229c5c;Aktivitetssted;32;692642,6772302547;6178399,248087393;1;7;Blandingsprøve;1;3;4;Ej oplyst;;36;Tørstof,total; =;220,214924063819;mg/g VV;9999999;;2
Station;93220011;322 Roskilde Fjord;ROS60;32;692642,6772302547;6178399,248087393;Uden for kommune;Uden for region;Marin;Roskilde Bredning;04-02-2020;1;Næringsstoffer sediment, Marin;Ja;Miljøstyrelsen;https://vanda.miljoeportal.dk/link/1bdfd5bb-6dfe-419a-8f48-25a68c229c5c;Aktivitetssted;32;692642,6772302547;6178399,248087393;1;9;Blandingsprøve;1;7;10;Ej oplyst;;263;Phosphor, Fe-adsorberet; =;0,071857780469;mg/g TS;9999999;;2
Station;93220011;322 Roskilde Fjord;ROS60;32;692642,6772302547;6178399,248087393;Uden for kommune;Uden for region;Marin;Roskilde Bredning;04-02-2020;1;Næringsstoffer sediment, Marin;Ja;Miljøstyrelsen;https://vanda.miljoeportal.dk/link/1bdfd5bb-6dfe-419a-8f48-25a68c229c5c;Aktivitetssted;32;692642,6772302547;6178399,248087393;1;5;Enkeltprøve;2;1;2;Ej oplyst;;263;Phosphor, Fe-adsorberet; =;0,404624431208;mg/g TS;9999999;;2
Station;93220011;322 Roskilde Fjord;ROS60;32;692642,6772302547;6178399,248087393;Uden for kommune;Uden for region;Marin;Roskilde Bredning;04-02-2020;1;Næringsstoffer sediment, Marin;Ja;Miljøstyrelsen;https://vanda.miljoeportal.dk/link/1bdfd5bb-6dfe-419a-8f48-25a68c229c5c;Aktivitetssted;32;692642,6772302547;6178399,248087393;1;9;Blandingsprøve;1;7;10;Ej oplyst;;16;Vægtfylde; =;1,301570680628;g/cm3;9999999;;2
Station;93220011;322 Roskilde Fjord;ROS60;32;692642,6772302547;6178399,248087393;Uden for kommune;Uden for region;Marin;Roskilde Bredning;04-02-2020;1;Næringsstoffer sediment, Marin;Ja;Miljøstyrelsen;https://vanda.miljoeportal.dk/link/1bdfd5bb-6dfe-419a-8f48-25a68c229c5c;Aktivitetssted;32;692642,6772302547;6178399,248087393;1;8;Blandingsprøve;1;4;7;Ej oplyst;;16;Vægtfylde; =;1,223005235602;g/cm3;9999999;;2
Station;93220011;322 Roskilde Fjord;ROS60;32;692642,6772302547;6178399,248087393;Uden for kommune;Uden for region;Marin;Roskilde Bredning;04-02-2020;1;Næringsstoffer sediment, Marin;Ja;Miljøstyrelsen;https://vanda.miljoeportal.dk/link/1bdfd5bb-6dfe-419a-8f48-25a68c229c5c;Aktivitetssted;32;692642,6772302547;6178399,248087393;1;2;Blandingsprøve;1;0,5;1;Ej oplyst;;261;Phosphor, total-P; =;1,837901511861;mg/g TS;9999999;;2
Station;93220011;322 Roskilde Fjord;ROS60;32;692642,6772302547;6178399,248087393;Uden for kommune;Uden for region;Marin;Roskilde Bredning;04-02-2020;1;Næringsstoffer sediment, Marin;Ja;Miljøstyrelsen;https://vanda.miljoeportal.dk/link/1bdfd5bb-6dfe-419a-8f48-25a68c229c5c;Aktivitetssted;32;692642,6772302547;6178399,248087393;1;6;Blandingsprøve;1;2;3;Ej oplyst;;261;Phosphor, total-P; =;0,974403875159;mg/g TS;9999999;;2
Station;93220011;322 Roskilde Fjord;ROS60;32;692642,6772302547;6178399,248087393;Uden for kommune;Uden for region;Marin;Roskilde Bredning;04-02-2020;1;Næringsstoffer sediment, Marin;Ja;Miljøstyrelsen;https://vanda.miljoeportal.dk/link/1bdfd5bb-6dfe-419a-8f48-25a68c229c5c;Aktivitetssted;32;692642,6772302547;6178399,248087393;1;8;Blandingsprøve;1;4;7;Ej oplyst;;36;Tørstof,total; =;257,816049229753;mg/g VV;9999999;;2
Station;93220011;322 Roskilde Fjord;ROS60;32;692642,6772302547;6178399,248087393;Uden for kommune;Uden for region;Marin;Roskilde Bredning;04-02-2020;1;Næringsstoffer sediment, Marin;Ja;Miljøstyrelsen;https://vanda.miljoeportal.dk/link/1bdfd5bb-6dfe-419a-8f48-25a68c229c5c;Aktivitetssted;32;692642,6772302547;6178399,248087393;1;5;Enkeltprøve;3;1;2;Ej oplyst;;16;Vægtfylde; =;1,127952380952;g/cm3;9999999;;2
Station;93220011;322 Roskilde Fjord;ROS60;32;692642,6772302547;6178399,248087393;Uden for kommune;Uden for region;Marin;Roskilde Bredning;04-02-2020;1;Næringsstoffer sediment, Marin;Ja;Miljøstyrelsen;https://vanda.miljoeportal.dk/link/1bdfd5bb-6dfe-419a-8f48-25a68c229c5c;Aktivitetssted;32;692642,6772302547;6178399,248087393;1;2;Blandingsprøve;1;0,5;1;Ej oplyst;;16;Vægtfylde; =;1,1018125;g/cm3;9999999;;2
Station;93220011;322 Roskilde Fjord;ROS60;32;692642,6772302547;6178399,248087393;Uden for kommune;Uden for region;Marin;Roskilde Bredning;04-02-2020;1;Næringsstoffer sediment, Marin;Ja;Miljøstyrelsen;https://vanda.miljoeportal.dk/link/1bdfd5bb-6dfe-419a-8f48-25a68c229c5c;Aktivitetssted;32;692642,6772302547;6178399,248087393;1;7;Blandingsprøve;1;3;4;Ej oplyst;;253;Nitrogen,total N; =;10,787928314513;mg/g TS;9999999;;2
Station;93220011;322 Roskilde Fjord;ROS60;32;692642,6772302547;6178399,248087393;Uden for kommune;Uden for region;Marin;Roskilde Bredning;04-02-2020;1;Næringsstoffer sediment, Marin;Ja;Miljøstyrelsen;https://vanda.miljoeportal.dk/link/1bdfd5bb-6dfe-419a-8f48-25a68c229c5c;Aktivitetssted;32;692642,6772302547;6178399,248087393;1;5;Enkeltprøve;1;1;2;Ej oplyst;;39;Glødetab, total; =;216,432712847116;mg/g TS;9999999;;2
Station;93220011;322 Roskilde Fjord;ROS60;32;692642,6772302547;6178399,248087393;Uden for kommune;Uden for region;Marin;Roskilde Bredning;04-02-2020;1;Næringsstoffer sediment, Marin;Ja;Miljøstyrelsen;https://vanda.miljoeportal.dk/link/1bdfd5bb-6dfe-419a-8f48-25a68c229c5c;Aktivitetssted;32;692642,6772302547;6178399,248087393;1;5;Enkeltprøve;1;1;2;Ej oplyst;;263;Phosphor, Fe-adsorberet; =;0,201677843559;mg/g TS;9999999;;2
Station;93220011;322 Roskilde Fjord;ROS60;32;692642,6772302547;6178399,248087393;Uden for kommune;Uden for region;Marin;Roskilde Bredning;04-02-2020;1;Næringsstoffer sediment, Marin;Ja;Miljøstyrelsen;https://vanda.miljoeportal.dk/link/1bdfd5bb-6dfe-419a-8f48-25a68c229c5c;Aktivitetssted;32;692642,6772302547;6178399,248087393;1;5;Enkeltprøve;3;1;2;Ej oplyst;;261;Phosphor, total-P; =;1,385893748179;mg/g TS;9999999;;2
Station;93220011;322 Roskilde Fjord;ROS60;32;692642,6772302547;6178399,248087393;Uden for kommune;Uden for region;Marin;Roskilde Bredning;04-02-2020;1;Næringsstoffer sediment, Marin;Ja;Miljøstyrelsen;https://vanda.miljoeportal.dk/link/1bdfd5bb-6dfe-419a-8f48-25a68c229c5c;Aktivitetssted;32;692642,6772302547;6178399,248087393;1;9;Blandingsprøve;1;7;10;Ej oplyst;;261;Phosphor, total-P; =;0,81569380485;mg/g TS;9999999;;2
Station;93220011;322 Roskilde Fjord;ROS60;32;692642,6772302547;6178399,248087393;Uden for kommune;Uden for region;Marin;Roskilde Bredning;04-02-2020;1;Næringsstoffer sediment, Marin;Ja;Miljøstyrelsen;https://vanda.miljoeportal.dk/link/1bdfd5bb-6dfe-419a-8f48-25a68c229c5c;Aktivitetssted;32;692642,6772302547;6178399,248087393;1;6;Blandingsprøve;1;2;3;Ej oplyst;;39;Glødetab, total; =;215,734040266533;mg/g TS;9999999;;2
Station;93220011;322 Roskilde Fjord;ROS60;32;692642,6772302547;6178399,248087393;Uden for kommune;Uden for region;Marin;Roskilde Bredning;04-02-2020;1;Næringsstoffer sediment, Marin;Ja;Miljøstyrelsen;https://vanda.miljoeportal.dk/link/1bdfd5bb-6dfe-419a-8f48-25a68c229c5c;Aktivitetssted;32;692642,6772302547;6178399,248087393;1;5;Enkeltprøve;1;1;2;Ej oplyst;;36;Tørstof,total; =;212,724744213768;mg/g VV;9999999;;2
Station;93220011;322 Roskilde Fjord;ROS60;32;692642,6772302547;6178399,248087393;Uden for kommune;Uden for region;Marin;Roskilde Bredning;04-02-2020;1;Næringsstoffer sediment, Marin;Ja;Miljøstyrelsen;https://vanda.miljoeportal.dk/link/1bdfd5bb-6dfe-419a-8f48-25a68c229c5c;Aktivitetssted;32;692642,6772302547;6178399,248087393;1;7;Blandingsprøve;1;3;4;Ej oplyst;;39;Glødetab, total; =;213,191462085763;mg/g TS;9999999;;2
Station;93220011;322 Roskilde Fjord;ROS60;32;692642,6772302547;6178399,248087393;Uden for kommune;Uden for region;Marin;Roskilde Bredning;04-02-2020;1;Næringsstoffer sediment, Marin;Ja;Miljøstyrelsen;https://vanda.miljoeportal.dk/link/1bdfd5bb-6dfe-419a-8f48-25a68c229c5c;Aktivitetssted;32;692642,6772302547;6178399,248087393;1;5;Enkeltprøve;2;1;2;Ej oplyst;;253;Nitrogen,total N; =;11,612720152933;mg/g TS;9999999;;2
